"OSrXXb","yi40Hd","RDApEe","rllt__details 2","rllt__details 3","rllt__details 4","uDyWh","yYlJEf href","QuU3Wb","yYlJEf href 2","QuU3Wb 2","pYH8Dd href","QuU3Wb 3","uDyWh 2"
"LA Plumbing Company | Plumber in Torrance Redondo Beach, CA","4,9","(104)","7+ years in business · Torrance, CA, United States","· +1 424-677-2359","Open 24 hours","""The plumber’s professionalism and attention to detail were remarkable.""","http://losangelescaplumbing.com/","Website","https://www.google.com/maps/dir//LA+Plumbing+Company+%7C+Plumber+in+Torrance+Redondo+Beach,+CA,+609+Amapola+Ave,+Torrance,+CA+90501,+United+States/data=!4m6!4m5!1m1!4e2!1m2!1m1!1s0x80dd4b26e5591dff:0x62e4f9812bb35744?sa=X&ved=1t:57443&ictx=111","Directions","","",""
"Payless Water Heaters & Plumbing","4,9","(122)","Sherman Oaks, CA, United States","· +1 818-450-5102","Open 24 hours","""JC was on time, professional, and did excellent work.""","https://paylesswaterheaters.com/service-area/sherman-oaks-ca-water-heater-repair-replacement-installation?utm_campaign=gmb","Schedule","https://www.google.com/maps/dir//Payless+Water+Heaters+%26+Plumbing,+15124+Ventura+Blvd+Suite+200,+Sherman+Oaks,+CA+91403,+United+States/data=!4m6!4m5!1m1!4e2!1m2!1m1!1s0x80c297c602ccaad3:0xea1b340a5e23b737?sa=X&ved=1t:57443&ictx=111","Website","https://www.google.com/maps/reserve/appt/place/ChIJ06rMAsaXwoARN7cjXgo0G-o/mid/%2Fg%2F11yqp2tn6k?sourceurl=https://www.google.com/search?q%3Dplumbing%2Bbusinesses%2Bin%2Bgreater%2BLA%2Barea%26sca_esv%3Def5fb46a2a3e8e1b%26rlz%3D1C5CHFA_enZA1188ZA1188%26sxsrf%3DANbL-n58ywh9nW9f07isJBUBs32sj5dxww:1776196127678%26udm%3D1%26lsack%3DH5reaenYKNqL9u8Pu8qayQ0%26sa%3DX%26ved%3D2ahUKEwip5PaZju6TAxXahf0HHTulJtkQjGp6BAgkEAA%26biw%3D1470%26bih%3D835%26dpr%3D2&source=cat&sa=X&ved=2ahUKEwjv896sju6TAxXuh_0HHfO3NUsQ3YkLegQINhAM","Directions",""
"Service Champions Plumbing, Heating & AC","4,9","(671)","25+ years in business · Los Angeles, CA, United States","· +1 323-284-1599","Open 24 hours","""Marco came out, on time, was very professional, knowledgeable, and friendly.""","https://servicechampions.com/?utm_source=GBP&utm_medium=organic&utm_campaign=la","Schedule","https://www.google.com/maps/dir//Service+Champions+Plumbing,+Heating+%26+AC,+5251+W+Imperial+Hwy,+Los+Angeles,+CA+90045,+United+States/data=!4m6!4m5!1m1!4e2!1m2!1m1!1s0x80c2b73d2b6bac17:0xd169020ecd047a37?sa=X&ved=1t:57443&ictx=111","Website","https://book.servicetitan.com/d0t2a9p5q0jcqw5klquvifya?rwg_token=AFd1xnEWK3lZZWaEixIoklFu0Lt2q3Q1BseWcAc-Khpzgorl-cxFx-CbGwZQ4iPifH461UMOFHX3ZvgU8cXTnzLas9mUg4Or3A%3D%3D&source=cat","Directions",""
"R&R Plumbing Services","5,0","(4)","Inglewood, CA, United States","· +1 833-925-7080","Open 24 hours","""I’ve had nothing but great experiences with this .""","https://www.randrplumbingservices.com/","","https://www.google.com/maps/dir//R%26R+Plumbing+Services,+827+W+Olive+St,+Inglewood,+CA+90301,+United+States/data=!4m6!4m5!1m1!4e2!1m2!1m1!1s0x80c2b75810bdfb03:0x57eab47b52b20750?sa=X&ved=1t:57443&ictx=111","Website","","Directions","plumbing company"
"Drain Right Services","4,9","(1,8K)","20+ years in business · Gardena, CA, United States","· +1 800-208-8875","Open 24 hours","""Eric 2as on time, very friendly and fixed my sink speedy quick!""","https://www.drainrightservices.com/","Schedule","https://www.google.com/maps/dir//Drain+Right+Services,+18012+S+Figueroa+St,+Gardena,+CA+90248,+United+States/data=!4m6!4m5!1m1!4e2!1m2!1m1!1s0x80dcd5c6aaaaaaab:0xf71a611840199b5f?sa=X&ved=1t:57443&ictx=111","Website","https://app.avoca.ai/simple-scheduler/landing/134?utm_source=google&utm_medium=rwg&apiKey=sk_3c666c0d18374bfe255110fb11f66ba1a7abb7ff73be93115e3f04a96eaef10e&locationId=99a40039-ca5e-4505-b73d-b6a74637aa5c&rwg_token=AFd1xnElYehfHmv4Fc9mg40qHiyLOr80OB5wrFlSMYvz_mshXaqbbi_KPoEmwJwT98MkKAKNfEaRoiX-ON7rcE6aOI119svbsw%3D%3D&source=cat","Directions",""
"24/7 Rooter Service","5,0","(135)","5+ years in business · Los Angeles, CA, United States","· +1 213-281-4751","Open 24 hours","""Alex unclogged a clogged drain and 2 sinks for a very reasonable price!""","https://www.247rooterservice.com/","","https://www.google.com/maps/dir//24%2F7+Rooter+Service,+211+La+Fayette+Park+Pl+%23101,+Los+Angeles,+CA+90057,+United+States/data=!4m6!4m5!1m1!4e2!1m2!1m1!1s0x80c2c70eefa09da9:0xd7ba22c90667dd9f?sa=X&ved=1t:57443&ictx=111","Website","","Directions",""
"Contractor Response Plumbing experienced and licensed professionals","4,9","(116)","3+ years in business · Gardena, CA, United States","· +1 818-731-5290","Open 24 hours","""Work was started the same day and finished the next day on Friday morning.""","http://contractorresponseplumbing.com/","","https://www.google.com/maps/dir//Contractor+Response+Plumbing+experienced+and+licensed+professionals,+14519+Wadkins+Ave,+Gardena,+CA+90249,+United+States/data=!4m6!4m5!1m1!4e2!1m2!1m1!1s0x48c47c1ed6661021:0x2a6ac0879bdba1c2?sa=X&ved=1t:57443&ictx=111","Website","","Directions",""
"PDS Plumbing and Air","4,9","(484)","7+ years in business · Bellflower, CA, United States","· +1 562-580-4084","Open 24 hours","""They were able to come out the same day and fixed my  issue quickly.""","https://www.pdsplumbingandair.com/bellflower/?utm_source=google&utm_medium=organic&utm_campaign=gmb","","https://www.google.com/maps/dir//PDS+Plumbing+and+Air,+9706+Alondra+Blvd,+Bellflower,+CA+90706,+United+States/data=!4m6!4m5!1m1!4e2!1m2!1m1!1s0x80dd25fef9baaaab:0x177dda2fb71e28dc?sa=X&ved=1t:57443&ictx=111","Website","","Directions","plumbing"
"JW Plumbing, Heating and Air","4,8","(2,7K)","20+ years in business · Los Angeles, CA, United States","· +1 213-379-5931","Open 24 hours","""On time, friendly, knew exactly what they were here to do & did it.""","https://jwheatingandair.com/?utm_source=GBP&utm_medium=organic","Schedule","https://www.google.com/maps/dir//JW+Plumbing,+Heating+and+Air,+904+Wall+St+Suite+203,+Los+Angeles,+CA+90015,+United+States/data=!4m6!4m5!1m1!4e2!1m2!1m1!1s0x80c2c794472eea93:0xd8ddc1680e0e94f1?sa=X&ved=1t:57443&ictx=111","Website","https://book.servicetitan.com/i2auuqbeac0xg868zoxm2c35?rwg_token=AFd1xnHqsPiKv2kNkDuxdgfqah-yTKjgD_gH6xAbNmbF6eUGDgZ6EY4R9Ric3I04Dkl1tfFaw1R6Ye6URuaTZ4J8Q74s_LJq1w%3D%3D&source=cat","Directions",""
"Western Rooter & Plumbing","4,9","(1,6K)","45+ years in business · Arcadia, CA, United States","· +1 626-448-6455","Open 24 hours","""They were on time and did a clean fix to our  issue.""","http://www.westernrooter.com/?utm_campaign=gmb","Schedule","https://www.google.com/maps/dir//Western+Rooter+%26+Plumbing,+136+E+Santa+Clara+St+%231,+Arcadia,+CA+91006,+United+States/data=!4m6!4m5!1m1!4e2!1m2!1m1!1s0x80c2dbdd85a4b385:0x5935f995539f644f?sa=X&ved=1t:57443&ictx=111","Website","https://book.housecallpro.com/book/Western-Rooter--Plumbing/71aa8e6b472b472ab48e6e0b77abd3f0?v2=true&lead_source=google&merchant_id=145a42d9-079c-4066-9bf1-8c8c63e12004&rwg_token=AFd1xnFgChtXOekl2RXK-4ZOT5fXE3Ucrfo6z-RHWkRwdZnpqh0niMSrNEfqv8AEYY2s_nSO2afA6nhcQDEI4Sno2eO4cq14cg%3D%3D&source=cat","Directions","plumbing"
"RET Plumbing and Electrical (Pty) LTD T/A We Do Plumbing","5,0","(22)","3+ years in business · Cape Town","· 068 038 7556","Open 24 hours","""They fix my problem quickly and do a good job""","https://www.wedoplumbing.co.za/","","https://www.google.com/maps/dir//RET+Plumbing+and+Electrical+(Pty)+LTD+T%2FA+We+Do+Plumbing,+9+St+James+St,+Somerset+West,+Cape+Town,+7130/data=!4m6!4m5!1m1!4e2!1m2!1m1!1s0x1dcdb52493c08f5b:0xb6eb47ad7acc7f98?sa=X&ved=1t:57443&ictx=111","Website","","Directions",""
"Adeedo Plumbing, Drains & Heating","4,7","(3K)","75+ years in business · Los Angeles, CA, United States","· +1 833-926-1915","Open 24 hours","""Kyle knows how to fix my  problems and did it with a smile!""","https://www.adeedo.com/?utm_source=GBP&utm_medium=organic","Schedule","https://www.google.com/maps/dir//Adeedo+Plumbing,+Drains+%26+Heating,+5251+W+Imperial+Hwy+Suite+1,+Los+Angeles,+CA+90045,+United+States/data=!4m6!4m5!1m1!4e2!1m2!1m1!1s0x80c2b7911c57b645:0xc195a45662fc3ae5?sa=X&ved=1t:57443&ictx=111","Website","https://book.servicetitan.com/gqjm4dd66lj4b5upzecwuco3?rwg_token=AFd1xnF_tvX3b2gS4CrqfFbYsPj84TtoYlxtKmSv3E69W-IdNu1TrbSUg9qZpsGiVQrB4jESgNt6I_uK-j3zxdm2LcNzMXhYKw%3D%3D&source=cat","Directions","plumbing"
"Rooter Hero Plumbing & Air of Los Angeles","4,8","(1,2K)","20+ years in business · Gardena, CA, United States","· +1 310-773-0660","Open 24 hours","""He did a wonderful job in fixing my  issues and in a timely manner.""","https://rooterhero.com/plumber-los-angeles-ca-plumbing-repair-service","Schedule","https://www.google.com/maps/dir//Rooter+Hero+Plumbing+%26+Air+of+Los+Angeles,+14401+S+Western+Ave,+Gardena,+CA+90249,+United+States/data=!4m6!4m5!1m1!4e2!1m2!1m1!1s0x80dd34dcb54b2d7d:0xa443531eb0e0e57?sa=X&ved=1t:57443&ictx=111","Website","https://book.servicetitan.com/ixybsw44l2gdfin6y9hgiebd?rwg_token=AFd1xnFzI3i5wK-XUPVOzUy0siHeQYAYQCD_HFn5Bv8uHS9ZgE6qEcGv5tT47fVOHI6B7Fh5Luqb2XhOykfwu5iY-8ef8GaGcA%3D%3D&source=cat","Directions","plumbing"
"Valencia's Plumbing","4,9","(123)","25+ years in business · Los Angeles, CA, United States","· +1 323-489-9276","Open 24 hours","""Fixed our kitchen sink pipes that were unaligned and badly leaking.""","https://valenciasplumbing20.net/","","https://www.google.com/maps/dir//Valencia's+Plumbing,+1639+E+87th+Pl,+Los+Angeles,+CA+90002,+United+States/data=!4m6!4m5!1m1!4e2!1m2!1m1!1s0x80c2c984f238c1f3:0xf966c99ab7046ae?sa=X&ved=1t:57443&ictx=111","Website","","Directions",""
"Affordable Plumbing","4,9","(22)","7+ years in business · West Hollywood, CA, United States","· +1 323-969-8061","Open","""Affordable  was fantastic!""","https://www.laxaffordableplumbing.com/","","https://www.google.com/maps/dir//Affordable+Plumbing,+7518+Lexington+Ave,+West+Hollywood,+CA+90046,+United+States/data=!4m6!4m5!1m1!4e2!1m2!1m1!1s0x80c2beda6dfaaaab:0xa7313cbf8fdbf1d6?sa=X&ved=1t:57443&ictx=111","Website","","Directions","plumbing"
"Charlie's Sewer & Drain","4,9","(89)","15+ years in business · Burbank, CA, United States","· +1 213-423-5509","Open 24 hours","""They worked with our needs and offered a fair price for the work done.""","https://charliessewerco.com/?utm_campaign=gmb","Schedule","https://www.google.com/maps/dir//Charlie's+Sewer+%26+Drain,+1701+N+San+Fernando+Blvd,+Burbank,+CA+91504,+United+States/data=!4m6!4m5!1m1!4e2!1m2!1m1!1s0x80c29b07dafcbd0d:0xd0622b2ada2ff5c2?sa=X&ved=1t:57443&ictx=111","Website","https://book.servicetitan.com/t8i1akf3ht3crn2e1gltm0of?rwg_token=AFd1xnG2J3iI1s7TolY4ZFw6-iPPiu-mp4UdnQRy5fwOi4UBVRYmHQL97CUYHPhWcsTG5tUS0mbW-_NIGgwMKUga01uEbAyuUQ%3D%3D&source=cat","Directions",""
"24Seven Plumbing and Electrical Services","4,5","(159)","5+ years in business","· 021 852 1202","Open 24 hours","""Plumbers were friendly, professional and did a great job quickly.""","https://24sevenplumbing.co.za/","","https://www.google.com/maps/dir//24Seven+Plumbing+and+Electrical+Services,+32+Bright+St,+Audas+Estate,+7130/data=!4m6!4m5!1m1!4e2!1m2!1m1!1s0x1dcdcb11ba8221f3:0xc5fc8c2204201371?sa=X&ved=1t:57443&ictx=111","Website","","Directions",""
"Roy's Plumbers in Somerset West","4,7","(3)","5+ years in business · Cape Town","· 060 060 3869","Open 24 hours","","https://www.somersetweststrandplumbers.co.za/","","https://www.google.com/maps/dir//Roy's+Plumbers+in+Somerset+West,+3+Bergzicht+Rd,+Radloff+Park,+Cape+Town,+7130/data=!4m6!4m5!1m1!4e2!1m2!1m1!1s0x1dcdb5a86421e05f:0x6dcdd3e04bc50d08?sa=X&ved=1t:57443&ictx=111","Website","","Directions",""
"Krumit Plumbing (PTY) Ltd","4,6","(17)","5+ years in business · Cape Town","· 082 332 2241","Open 24 hours","""Excellent customer service and professional workmanship.""","http://www.krumitplumbing.co.za/","","https://www.google.com/maps/dir//Krumit+Plumbing+(PTY)+Ltd,+23+Rankine+St,+Gants+Plaza,+Cape+Town,+7140/data=!4m6!4m5!1m1!4e2!1m2!1m1!1s0x1dcdcb04ac1df2ed:0xf4771a1f6583a5e8?sa=X&ved=1t:57443&ictx=111","Website","","Directions",""
"GrandMark Plumbing Services","5,0","(24)","3+ years in business · Cape Town","· 072 202 4096","Open 24 hours","""He was on time... and price is reasonable.""","https://grandmarkplumbing.co.za/","","https://www.google.com/maps/dir//GrandMark+Plumbing+Services,+36+Kingfisher+Walk,+Sunbird+Park,+Cape+Town,+7100/data=!4m6!4m5!1m1!4e2!1m2!1m1!1s0x1dcc4f6513129d8f:0x9f8d6343aa2d6ac5?sa=X&ved=1t:57443&ictx=111","Website","","Directions",""